{"stats":{"minecraft:custom":{"minecraft:mob_kills":10,"minecraft:interact_with_crafting_table":13,"minecraft:open_barrel":28,"minecraft:leave_game":2,"minecraft:time_since_death":7922,"minecraft:sleep_in_bed":5,"minecraft:climb_one_cm":5084,"minecraft:time_since_rest":8404,"minecraft:sprint_one_cm":191959,"minecraft:damage_taken":555,"minecraft:walk_one_cm":157069,"minecraft:drop":8,"minecraft:damage_dealt":2624,"minecraft:swim_one_cm":22420,"minecraft:fly_one_cm":233629,"minecraft:player_kills":2,"minecraft:open_chest":11,"minecraft:crouch_one_cm":7278,"minecraft:play_time":103058,"minecraft:deaths":1,"minecraft:sneak_time":2410,"minecraft:walk_under_water_one_cm":4675,"minecraft:jump":922,"minecraft:walk_on_water_one_cm":14933,"minecraft:total_world_time":103058,"minecraft:fall_one_cm":17919},"minecraft:used":{"minecraft:stone_shovel":282,"minecraft:stone_pickaxe":116,"minecraft:chest":1,"minecolonies:questlog":3,"minecraft:stone_hoe":7,"minecraft:torch":11,"minecraft:dirt":222,"minecolonies:supplychestdeployer":1,"minecraft:bread":14,"minecraft:stone_axe":58,"minecraft:egg":2,"minecraft:bone_meal":3,"structurize:sceptergold":12,"minecraft:dark_oak_sapling":1},"minecraft:dropped":{"minecraft:bread":1,"minecraft:stone_axe":1,"minecolonies:questlog":2,"minecraft:dark_oak_sapling":1,"minecraft:cobblestone":1,"minecraft:dark_oak_log":64,"structurize:sceptergold":1},"minecraft:killed":{"minecraft:skeleton":2,"minecraft:horse":6,"minecraft:donkey":1,"minecraft:zombie":1},"minecraft:picked_up":{"minecraft:birch_log":7,"minecraft:crafting_table":1,"minecolonies:blockhuttownhall":2,"minecraft:andesite":86,"minecraft:suspicious_stew":2,"minecraft:leather":9,"minecraft:potato":2,"minecraft:oak_log":23,"minecolonies:blockhutbuilder":2,"minecraft:gunpowder":3,"minecraft:dirt":308,"minecraft:bone":1,"minecraft:wheat_seeds":13,"minecraft:stone_pickaxe":1,"minecraft:sugar_cane":39,"minecraft:chest":1,"minecraft:birch_sapling":1,"minecraft:oak_planks":13,"minecraft:egg":2,"minecraft:dark_oak_sapling":1,"minecraft:stick":8,"minecolonies:supplychestdeployer":1,"minecraft:torch":10,"minecraft:dandelion":1,"minecraft:poisonous_potato":3,"minecraft:porkchop":2,"structurize:sceptergold":3,"minecraft:dark_oak_log":64,"minecraft:dark_oak_planks":12,"minecolonies:questlog":2,"minecraft:arrow":3,"minecraft:rotten_flesh":1,"minecraft:stone_axe":2,"minecraft:bread":20,"minecraft:oak_sapling":8,"minecraft:coal":17,"minecraft:cobblestone":69},"minecraft:killed_by":{"minecraft:zombie":1},"minecraft:broken":{"minecraft:stone_shovel":2},"minecraft:crafted":{"minecraft:item_frame":1,"minecraft:oak_planks":92,"minecraft:stone_shovel":2,"minecraft:oak_sign":36,"minecraft:crafting_table":1,"minecraft:wooden_pickaxe":1,"minecolonies:blockhutbuilder":1,"minecraft:bone_meal":3,"minecraft:birch_planks":28,"minecolonies:blockhutminer":1,"minecraft:dark_oak_door":6,"minecraft:dark_oak_fence":6,"minecraft:stick":40,"minecraft:cobblestone_wall":12,"minecraft:birch_door":3,"minecraft:dark_oak_planks":192,"minecraft:torch":20,"minecolonies:resourcescroll":1},"minecraft:mined":{"minecraft:oak_sapling":1,"minecolonies:blockhuttownhall":1,"minecolonies:blockhutbuilder":2,"minecraft:dandelion":1,"minecraft:crafting_table":1,"minecraft:torch":2,"minecraft:grass_block":291,"minecraft:chest":1,"minecraft:tall_grass":17,"minecraft:sugar_cane":9,"minecraft:wall_torch":5,"minecolonies:blockconstructiontape":18,"minecraft:birch_log":7,"minecraft:andesite":86,"minecraft:birch_leaves":2,"minecraft:grass":73,"minecraft:oak_log":19,"minecraft:dirt":20,"minecraft:stone":30,"minecraft:oak_leaves":15}},"DataVersion":3465}