{"stats":{"minecraft:dropped":{"minecraft:dark_oak_log":64},"minecraft:broken":{"minecraft:stone_shovel":2},"minecraft:crafted":{"minecraft:dark_oak_door":6,"minecraft:item_frame":1,"minecraft:dark_oak_fence":6,"minecraft:oak_planks":92,"minecraft:oak_sign":36,"minecraft:stone_shovel":2,"minecraft:crafting_table":1,"minecraft:stick":40,"minecraft:cobblestone_wall":12,"minecraft:birch_door":3,"minecolonies:blockhutbuilder":1,"minecraft:dark_oak_planks":192,"minecraft:torch":20,"minecraft:birch_planks":28,"minecolonies:resourcescroll":1},"minecraft:picked_up":{"minecraft:birch_log":7,"minecraft:stick":8,"minecolonies:supplychestdeployer":1,"minecolonies:blockhuttownhall":1,"minecraft:leather":9,"minecraft:dandelion":1,"minecraft:oak_log":23,"minecolonies:blockhutbuilder":2,"structurize:sceptergold":1,"minecraft:dirt":289,"minecraft:rotten_flesh":1,"minecraft:wheat_seeds":9,"minecraft:oak_sapling":8,"minecraft:coal":17,"minecraft:sugar_cane":30,"minecraft:birch_sapling":1,"minecraft:oak_planks":5,"minecraft:cobblestone":15,"minecraft:egg":2},"minecraft:mined":{"minecraft:oak_sapling":1,"minecolonies:blockconstructiontape":4,"minecraft:birch_log":7,"minecraft:birch_leaves":2,"minecolonies:blockhutbuilder":2,"minecraft:dandelion":1,"minecraft:grass":66,"minecraft:grass_block":279,"minecraft:oak_log":19,"minecraft:dirt":13,"minecraft:tall_grass":12,"minecraft:sugar_cane":9,"minecraft:oak_leaves":15},"minecraft:used":{"minecraft:bread":7,"minecraft:stone_shovel":282,"minecolonies:questlog":2,"minecraft:stone_hoe":7,"minecraft:stone_axe":44,"minecraft:dirt":140,"minecraft:egg":2,"structurize:sceptergold":3,"minecolonies:supplychestdeployer":1},"minecraft:killed":{"minecraft:horse":6,"minecraft:donkey":1,"minecraft:zombie":1},"minecraft:custom":{"minecraft:time_since_rest":747,"minecraft:sprint_one_cm":109872,"minecraft:damage_taken":120,"minecraft:walk_one_cm":77962,"minecraft:mob_kills":8,"minecraft:drop":1,"minecraft:damage_dealt":1800,"minecraft:swim_one_cm":18942,"minecraft:interact_with_crafting_table":11,"minecraft:fly_one_cm":153960,"minecraft:open_barrel":16,"minecraft:open_chest":4,"minecraft:crouch_one_cm":5156,"minecraft:play_time":53752,"minecraft:sneak_time":1527,"minecraft:walk_under_water_one_cm":2794,"minecraft:jump":586,"minecraft:walk_on_water_one_cm":12223,"minecraft:time_since_death":53752,"minecraft:sleep_in_bed":3,"minecraft:total_world_time":53752,"minecraft:climb_one_cm":4300,"minecraft:fall_one_cm":11800}},"DataVersion":3465}