{"stats":{"minecraft:custom":{"minecraft:interact_with_furnace":6,"minecraft:mob_kills":3,"minecraft:interact_with_cartography_table":1,"minecraft:interact_with_crafting_table":20,"minecraft:open_barrel":11,"minecraft:leave_game":3,"minecraft:time_since_death":2647,"minecraft:sleep_in_bed":4,"minecraft:climb_one_cm":1262,"minecraft:time_since_rest":2689,"minecraft:sprint_one_cm":126510,"minecraft:damage_taken":755,"minecraft:walk_one_cm":162824,"minecraft:drop":50,"minecraft:damage_dealt":500,"minecraft:swim_one_cm":5120,"minecraft:fly_one_cm":125058,"minecraft:open_chest":20,"minecraft:crouch_one_cm":3112,"minecraft:play_time":79105,"minecraft:deaths":3,"minecraft:sneak_time":1143,"minecraft:walk_under_water_one_cm":4344,"minecraft:jump":813,"minecraft:walk_on_water_one_cm":13526,"minecraft:total_world_time":79105,"minecraft:fall_one_cm":13422},"minecraft:used":{"minecraft:cobblestone_stairs":60,"domum_ornamentum:blockbarreldeco_standing":1,"minecraft:stone_pickaxe":460,"minecraft:chest":4,"minecraft:wooden_pickaxe":16,"minecolonies:questlog":2,"minecraft:rotten_flesh":1,"minecraft:torch":23,"minecraft:dirt":20,"minecraft:crafting_table":3,"minecraft:gravel":1,"minecraft:stone_axe":24,"minecraft:cobblestone":11,"minecraft:furnace":1,"minecraft:oak_sapling":1},"minecraft:dropped":{"minecolonies:supplychestdeployer":1,"minecraft:oak_log":4,"minecolonies:questlog":2,"minecraft:dark_oak_sapling":1,"minecraft:cobblestone":15,"minecraft:oak_planks":8,"minecraft:coal":17,"minecraft:stick":1,"minecolonies:blockhuttownhall":1,"minecraft:torch":3,"minecraft:spruce_planks":4,"minecraft:oak_stairs":1,"minecraft:paper":16,"structurize:sceptergold":1},"minecraft:killed":{"minecraft:pig":1,"minecraft:zombie":2},"minecraft:picked_up":{"domum_ornamentum:blockbarreldeco_standing":1,"minecraft:andesite":39,"minecraft:oak_stairs":1,"minecraft:oak_log":25,"minecraft:cobblestone_stairs":3,"minecraft:lapis_lazuli":39,"minecraft:paper":16,"minecraft:dirt":39,"minecraft:wheat_seeds":4,"minecraft:cobbled_deepslate":2,"minecraft:spruce_planks":4,"minecraft:sugar_cane":9,"minecraft:oak_planks":3,"minecraft:dark_oak_sapling":1,"minecraft:raw_iron":17,"minecraft:torch":6,"minecraft:gravel":1,"minecraft:porkchop":2,"minecraft:diorite":11,"minecraft:dark_oak_log":64,"minecolonies:questlog":2,"minecraft:rotten_flesh":1,"minecraft:granite":81,"minecraft:oak_sapling":1,"minecraft:coal":48,"minecraft:cobblestone":262},"minecraft:killed_by":{"minecraft:player":2},"minecraft:broken":{"minecraft:stone_pickaxe":3},"minecraft:crafted":{"minecraft:oak_planks":84,"minecraft:crafting_table":3,"minecraft:wooden_pickaxe":1,"minecraft:furnace":1,"minecraft:cobblestone_stairs":72,"minecraft:bucket":1,"minecraft:stone_axe":1,"minecraft:stick":32,"minecraft:iron_ingot":12,"minecraft:iron_pickaxe":1,"minecraft:stone_pickaxe":4,"minecraft:chest":4,"minecraft:torch":36},"minecraft:mined":{"minecraft:spruce_planks":4,"minecraft:cobblestone_stairs":3,"minecraft:torch":2,"minecraft:granite":82,"minecraft:grass_block":12,"minecraft:tall_grass":5,"minecraft:cobblestone":3,"minecraft:oak_planks":4,"minecraft:sugar_cane":4,"minecraft:diorite":11,"minecraft:wall_torch":3,"domum_ornamentum:blockbarreldeco_standing":1,"minecraft:iron_ore":12,"minecraft:andesite":39,"minecraft:deepslate_lapis_ore":5,"minecraft:grass":31,"minecraft:coal_ore":48,"minecraft:oak_log":25,"minecraft:deepslate_iron_ore":5,"minecraft:oak_stairs":1,"minecraft:gravel":2,"minecraft:dirt":28,"minecraft:stone":257,"minecraft:oak_leaves":4,"minecraft:deepslate":7}},"DataVersion":3465}