{"stats":{"minecraft:dropped":{"minecolonies:supplychestdeployer":1,"minecolonies:blockhuttownhall":1,"minecraft:oak_log":4,"minecraft:spruce_planks":4,"minecraft:cobblestone":15,"minecraft:oak_stairs":1,"minecraft:oak_planks":8,"minecraft:paper":16,"structurize:sceptergold":1,"minecraft:coal":17,"minecraft:stick":1},"minecraft:picked_up":{"domum_ornamentum:blockbarreldeco_standing":1,"minecraft:oak_stairs":1,"minecraft:porkchop":2,"minecraft:oak_log":11,"minecraft:dark_oak_log":64,"minecraft:dirt":27,"minecraft:paper":16,"minecraft:wheat_seeds":4,"minecraft:spruce_planks":4,"minecraft:granite":20,"minecraft:oak_sapling":1,"minecraft:sugar_cane":9,"minecraft:oak_planks":3,"minecraft:coal":18,"minecraft:cobblestone":43},"minecraft:crafted":{"minecraft:oak_planks":28,"minecraft:crafting_table":2,"minecraft:stick":8,"minecraft:wooden_pickaxe":1,"minecraft:stone_pickaxe":1,"minecraft:chest":1,"minecraft:torch":4,"minecraft:stone_axe":1},"minecraft:mined":{"domum_ornamentum:blockbarreldeco_standing":1,"minecraft:spruce_planks":4,"minecraft:granite":20,"minecraft:grass":31,"minecraft:coal_ore":18,"minecraft:grass_block":12,"minecraft:oak_log":11,"minecraft:oak_stairs":1,"minecraft:dirt":16,"minecraft:tall_grass":5,"minecraft:cobblestone":3,"minecraft:stone":40,"minecraft:oak_planks":4,"minecraft:sugar_cane":4},"minecraft:killed":{"minecraft:pig":1},"minecraft:used":{"domum_ornamentum:blockbarreldeco_standing":1,"minecraft:stone_pickaxe":65,"minecraft:chest":1,"minecraft:wooden_pickaxe":16,"minecraft:torch":1,"minecraft:cobblestone":3,"minecraft:dirt":17,"minecraft:crafting_table":2,"minecraft:oak_sapling":1},"minecraft:custom":{"minecraft:time_since_rest":4082,"minecraft:sprint_one_cm":64308,"minecraft:damage_taken":250,"minecraft:walk_one_cm":38385,"minecraft:mob_kills":1,"minecraft:drop":46,"minecraft:damage_dealt":100,"minecraft:interact_with_cartography_table":1,"minecraft:interact_with_crafting_table":5,"minecraft:swim_one_cm":4524,"minecraft:fly_one_cm":77198,"minecraft:open_barrel":8,"minecraft:open_chest":6,"minecraft:crouch_one_cm":1043,"minecraft:play_time":28238,"minecraft:deaths":1,"minecraft:sneak_time":286,"minecraft:walk_under_water_one_cm":4133,"minecraft:jump":386,"minecraft:sleep_in_bed":1,"minecraft:leave_game":2,"minecraft:walk_on_water_one_cm":10314,"minecraft:time_since_death":17252,"minecraft:climb_one_cm":881,"minecraft:total_world_time":28238,"minecraft:fall_one_cm":8258}},"DataVersion":3465}